system_key,display_name,type,identifiers,decision_use,priority,notes
akariko_sankuria,akariko / sankuria系,HLS host family,akariko-bck1.sankuria.sbs; akariko.netgenx.site; /stream/jp/{slug}/stream-output.m3u8?mode=hls,本命候補。ただし低頻度チェック前提,高,CS束が最も広い。連続アクセス/自動スキャン注意
haru_blog,haru.charandom.blog系,blog/host family,haru.charandom.blog; /stream/jp/{slug}/stream-output.m3u8?mode=hls,準本命候補,高,CS/地方局/BS候補が広い
naori,naori系,proxy/id mapping,naori-test.netgenx.site; pxx.php; shk_cid,補助候補,中,PH/5002系IDとの対応あり
ph_primehome,PH / PrimeHome系,PrimeHome/zhongying,cdns.jp-primehome.com:8000; 58.82.168.138:5002; zhongying; guoziyun; gid/cid,補助候補,中,BS/CS ID対応に有用
dtv2_vthanhtivi,DTV2 / vthanhtivi系,地方局候補,r3jx.djtmewibu.com; DTV2; vthanhtivi TEST,地方局本命候補。要再確認,高,チバテレ/tvk/テレ玉/MX2/TSS
utako_luong_vthanh,utako / luong / vthanh系,地方/関西局候補,mt01.utako.moe; luong.utako.moe; vthanh.utako.moe; tv.utako.moe,地方局候補,高,KBS/SUN/MBS/ABC/YTVなど
ayaka,ayaka系,vhash proxy,ayaka-proxy.onrender.com; live/playlive.php; vhash,保留/補助,低,vhash依存のため台帳では控えめ
willfon,Willfon系,BS/CS old candidate,stream01.willfonk.com; stream02.willfonk.com; live_playlist.m3u8?cid=BS/CS,古い可能性。要再確認,低,WOWOW/J SPORTS/LaLa等の古い候補
hidari_jptv_v2,hidari / jptv v2系,BS/CS v2 candidate,rip.hidari.moe; /get/jptv/get.php?id=,保留,低,IDがエンコード値っぽい
redlabmcdn,redlabmcdn系,old CDN,redlabmcdn.s.llnwi.net/nv02,古い/資料,低,2021〜2023コピー臭。除外寄り
