source_key,repo,path,evidence_type,freshness_hint,notes
wanghailing_autoheal,wanghailing0119/IPTV-JAPAN-M3U,autoheal.py,autoheal mapping,2026-07-23追加コメントあり,slug対応と候補順位の根拠
wanghailing_jp,wanghailing0119/IPTV-JAPAN-M3U,JP_NOVPN.m3u / JP_Auto.m3u / JP.m3u,M3U playlist,比較的新しめ,CS本命束の根拠
mvb1122,Mvb1122/jp-iptv-different-user,out/JP_Auto.m3u; out/akariko-master/akariko-master.m3u,M3U playlist,比較的新しめ,ayaka/akariko/PH系が出る
axivigo,axivigo/testiptv,jp4,M3U playlist,不明/要確認,akariko-bck1やNSFW/CS
mhmdxahmd_mafly,mhmdxahmd/mafly,MAfly1/mafly1; MAfly1/jptv.m3u,M3U playlist,比較的新しめ候補,CS束が豊富
kamonka,kamonka/kamonka.github.io,tv.txt,M3U/text playlist,要確認,haru系CS/地方/アニメ
rloim024,rloim024/IPTV-jp,jp.m3u; jp.11.m3u; jp.12.m3u,M3U playlist,要確認,DTV2/vthanhtivi地方局
tareq236,tareq236/JapanIPTV,jp_tv_channels.json,JSON channel list,要確認,akariko/ayaka系候補
atim2515,atim2515/TIM-CABLE-TV,tim,M3U/text playlist,要確認,haru系/NSFW
sieutv,sieutv/livetv,jp/*/index.html,static page references,古め/要確認,exciting_grand_prixなど別筋
