alias,channel_key,alias_type,priority,notes
千葉テレビ,chiba_tv,display,高,チバテレの正式寄り表記
チバテレ,chiba_tv,display,高,通常表示名
Chiba TV,chiba_tv,display,中,英語表記
chibatv,chiba_tv,slug,中,候補リスト側のslug揺れ
tvk,tvk,display,高,優先表示名
テレビ神奈川,tvk,display,高,日本語表記
TV Kanagawa,tvk,display,中,英語表記
TVK,tvk,alias,中,大文字表記
テレ玉,teletama,display,高,優先表示名
テレビ埼玉,teletama,display,高,日本語表記
Teletama,teletama,display,中,英語表記
tvs,teletama,slug,中,DTV2系で出るID候補
TOKYO MX2,tokyo_mx2,display,高,優先表示名
MX2,tokyo_mx2,alias,中,短縮表記
mx2,tokyo_mx2,slug,中,slug候補
テレビ新広島,tss,display,高,日本語表記
TSS,tss,display,高,短縮表記
tss,tss,slug,中,slug候補
KBS京都,kbs_kyoto,display,高,優先表示名
KBS,kbs_kyoto,alias,中,KBS Worldと混同注意
kbs,kbs_kyoto,slug,中,slug候補
サンテレビ,sun_tv,display,高,優先表示名
SUN TV,sun_tv,display,中,英語表記
suntv,sun_tv,slug,中,slug候補
sun,sun_tv,slug,低,短縮slug候補
MBS,mbs,display,高,優先表示名
毎日放送,mbs,display,高,日本語表記
mbs,mbs,slug,中,slug候補
ABC,abc,display,高,優先表示名
ABCテレビ,abc,display,高,日本語表記
朝日放送テレビ,abc,display,中,正式寄り表記
abc,abc,slug,中,slug候補
YTV,ytv,display,高,優先表示名
読売テレビ,ytv,display,高,日本語表記
よみうりテレビ,ytv,display,中,ひらがな表記
ytv,ytv,slug,中,slug候補
