fill_order,channel_key,display_name,alias_hint,group_title,tvg_id,tvg_name,logo_hint,priority,system_family,stream_url_source,input_status,input_note,stream_url
1,chiba_tv,チバテレ,"千葉テレビ / Chiba TV / chibatv",Local Stations,chiba_tv,チバテレ,,高,DTV2/vthanhtivi,private_local_only,未入力,stream_urlだけ手元で入力,
2,tvk,tvk,"テレビ神奈川 / TVK / tvk",Local Stations,tvk,tvk,,高,DTV2/vthanhtivi,private_local_only,未入力,stream_urlだけ手元で入力,
3,teletama,テレ玉,"テレビ埼玉 / Teletama / tvs",Local Stations,teletama,テレ玉,,高,DTV2/vthanhtivi,private_local_only,未入力,stream_urlだけ手元で入力,
4,tokyo_mx2,TOKYO MX2,"MX2 / Tokyo MX2 / mx2",Local Stations,tokyo_mx2,TOKYO MX2,,高,DTV2/vthanhtivi,private_local_only,未入力,MX1と混同しない,
5,kbs_kyoto,KBS京都,"KBS / KBS Kyoto / kbs",Local Stations,kbs_kyoto,KBS京都,,高,utako/luong/vthanh,private_local_only,未入力,stream_urlだけ手元で入力,
6,sun_tv,サンテレビ,"SUN / Sun TV / suntv",Local Stations,sun_tv,サンテレビ,,高,utako/luong/vthanh,private_local_only,未入力,stream_urlだけ手元で入力,
7,tss,テレビ新広島,"TSS / テレビ新広島",Local Stations,tss,テレビ新広島,,中,DTV2/vthanhtivi,private_local_only,未入力,地方局拡張候補,
8,mbs,MBS,"MBS毎日放送 / 毎日放送",Local Stations,mbs,MBS,,中,utako/luong/vthanh,private_local_only,未入力,関西広域局。扱い注意,
9,abc,ABC,"ABCテレビ / 朝日放送テレビ",Local Stations,abc,ABC,,中,utako/luong/vthanh,private_local_only,未入力,関西広域局。扱い注意,
10,ytv,YTV,"読売テレビ / ytv",Local Stations,ytv,YTV,,中,utako/luong/vthanh,private_local_only,未入力,表記ゆれ注意,
