group_id,category,group_name,examples,primary_research_systems,decision,priority,risk_note,next_action
sports_01,スポーツ,J SPORTS系,"J SPORTS 1-4 / major sports package",akariko-sankuria / haru-blog / PH-family,保留,高,URLなし・詳細識別子なしで系統確認のみ,複数Gitで系統名とカテゴリ出現を確認
sports_02,スポーツ,SKY A系,"SKY A / baseball-golf related",akariko-sankuria / haru-blog,保留,高,URLなし・詳細識別子なしで系統確認のみ,CSスポーツ系として別管理
sports_03,スポーツ,GAORA系,"GAORA SPORTS / sports-entertainment",akariko-sankuria / haru-blog,保留,高,URLなし・詳細識別子なしで系統確認のみ,CSスポーツ系として別管理
sports_04,スポーツ,ゴルフ系,"Golf Network / golf specialty",PH-family / naori / haru-blog,保留,中,URLなし・詳細識別子なしで系統確認のみ,公式情報とGit出現の分類だけ記録
sports_05,スポーツ,格闘技系,"Fighting TV Samurai / combat sports",akariko-sankuria / haru-blog / category-only,保留,中,URLなし・詳細識別子なしで系統確認のみ,スポーツ系ではなく趣味寄りにも分類可
sports_06,スポーツ,スポーツ補助系,"Sport Live Plus / related sports groups",akariko-sankuria / haru-blog / category-only,保留,中,URLなし・詳細識別子なしで系統確認のみ,単独候補はB保留扱い
hobby_01,趣味,釣り系,"Fishing Vision / fishing specialty",akariko-sankuria / haru-blog / category-only,保留,中,URLなし・詳細識別子なしで系統確認のみ,趣味系としてCS映画やBSから分離
hobby_02,趣味,鉄道系,"Tetsudo Channel / railway specialty",akariko-sankuria / haru-blog / category-only,保留,中,URLなし・詳細識別子なしで系統確認のみ,趣味系として別管理
hobby_03,趣味,囲碁・将棋系,"Igo-Shogi / board-game specialty",akariko-sankuria / haru-blog / category-only,保留,中,URLなし・詳細識別子なしで系統確認のみ,教育・趣味の境界として管理
hobby_04,趣味,旅・レジャー系,"Travel / leisure specialty groups",akariko-sankuria / haru-blog / category-only,保留,低,URLなし・詳細識別子なしで系統確認のみ,他カテゴリに混ざる場合は趣味へ集約
hobby_05,趣味,ペット・ライフスタイル系,"Pet / lifestyle specialty groups",category-only,資料,低,URLなし・詳細識別子なしで系統確認のみ,出現元が薄い場合は資料扱い
