station_name,region,category,primary_system,secondary_system,slug_or_id_hint,epg_id_hint,priority,decision,current_status,evidence_level,next_stage,notes
チバテレ,千葉,地方局,DTV2/vthanhtivi,ra1n test,chibatv,chiba_tv,高,A_本命候補,一次確認済み,複数Git/同系統,候補維持,DTV2系を優先しra1n系は参考扱い。URLなし管理。
tvk,神奈川,地方局,DTV2/vthanhtivi,,tvk,tvk,高,A_本命候補,一次確認済み,複数Git/同系統,候補維持,チバテレと同じDTV2系の並びで確認。URLなし管理。
テレ玉,埼玉,地方局,DTV2/vthanhtivi,,tvs,teletama,高,A_本命候補,一次確認済み,複数Git/同系統,候補維持,DTV2系で優先確認。URLなし管理。
TOKYO MX2,東京,地方局,DTV2/vthanhtivi,,mx2,tokyo_mx2,高,A_本命候補,一次確認済み,複数Git/同系統,候補維持,MX1とは分けて管理。URLなし管理。
テレビ新広島,広島,地方局,DTV2/vthanhtivi,,tss,tss,中,A_本命候補,一次確認済み,複数Git/同系統,候補維持,地方局束の拡張候補。URLなし管理。
KBS京都,京都,地方局,utako/luong/vthanh,haru blog,kbs,kbs_kyoto,高,A_本命候補,一次確認済み,複数Git/同系統,候補維持,関西独立局として優先。URLなし管理。
サンテレビ,兵庫,地方局,utako/luong/vthanh,haru blog,sun,sun_tv,高,A_本命候補,一次確認済み,複数Git/同系統,候補維持,関西独立局として優先。URLなし管理。
MBS,大阪,広域局,utako/luong/vthanh,,mbs,mbs,中,A_本命候補,一次確認済み,複数Git/同系統,候補維持,関西広域局。権利面のためURLなし管理。
ABC,大阪,広域局,utako/luong/vthanh,,abc,abc,中,A_本命候補,一次確認済み,複数Git/同系統,候補維持,関西広域局。URLなし管理。
YTV,大阪,広域局,utako/luong/vthanh,,ytv,ytv,中,A_本命候補,一次確認済み,複数Git/同系統,候補維持,読売テレビ系。表記ゆれに注意。URLなし管理。
