group_key,category,scope,decision,priority,next_action,notes
local_independent,地方局,独立局・地方局候補,A_本命候補,高,公開GitHub上の出現元と鮮度だけ再確認,URLや直接再生情報は入れない
kansai_local,地方局,関西広域・独立局候補,A_本命候補,高,複数ソースで同一識別子の有無を確認,URLや直接再生情報は入れない
movie_cs,CS,映画・舞台系候補,A_本命候補,高,系統別に出現傾向だけ管理,有料チャンネルのslug一覧はGitHubに置かない
drama_general_cs,CS,ドラマ・総合系候補,A_本命候補,高,系統別に出現傾向だけ管理,有料チャンネルのslug一覧はGitHubに置かない
anime_kids_cs,CS,アニメ・キッズ系候補,A_本命候補,高,系統別に出現傾向だけ管理,有料チャンネルのslug一覧はGitHubに置かない
documentary_cs,CS,ドキュメンタリー系候補,A_本命候補,高,系統別に出現傾向だけ管理,有料チャンネルのslug一覧はGitHubに置かない
sports_hobby_cs,CS,スポーツ・趣味系候補,A_本命候補,高,系統別に出現傾向だけ管理,有料チャンネルのslug一覧はGitHubに置かない
music_korea_cs,CS,音楽・韓流系候補,A_本命候補,中,系統別に出現傾向だけ管理,有料チャンネルのslug一覧はGitHubに置かない
nsfw_hold,隔離,成人向け/NSFW候補,C_資料のみ,低,存在確認のみ,URL・slug・直接識別子はGitHubに置かない
old_or_risky,除外候補,古い/p2p/token/vhash/DRM疑い,X_除外,低,採用対象外,本番候補に入れない
